mode,configuration,system,topology,valid_trial_count,failed_trial_count,throughput_rps_mean,throughput_rps_stdev,throughput_rps_median,throughput_rps_minimum,throughput_rps_maximum,throughput_rps_ci95,average_latency_us_mean,average_latency_us_stdev,average_latency_us_median,average_latency_us_minimum,average_latency_us_maximum,average_latency_us_ci95,p50_latency_us_mean,p50_latency_us_stdev,p50_latency_us_median,p50_latency_us_minimum,p50_latency_us_maximum,p50_latency_us_ci95,p95_latency_us_mean,p95_latency_us_stdev,p95_latency_us_median,p95_latency_us_minimum,p95_latency_us_maximum,p95_latency_us_ci95,p99_latency_us_mean,p99_latency_us_stdev,p99_latency_us_median,p99_latency_us_minimum,p99_latency_us_maximum,p99_latency_us_ci95
fixed-rate,rate-100_concurrency-64,Direct backend,host-veth,5,0,100.08,0.0,100.08,100.08,100.08,0.0,1228.0,112.1160113453917,1160.0,1130.0,1360.0,98.27401691189792,1179.6,96.42510046663162,1137.0,1085.0,1293.0,84.52032711720891,2237.8,249.58305230924634,2091.0,2034.0,2523.0,218.76919103018136,2843.8,373.75018394644303,2629.0,2525.0,3267.0,327.6064806196605
fixed-rate,rate-100_concurrency-64,Envoy only,docker-bridge,5,0,100.074,0.005477225575054463,100.07,100.07,100.08,0.004800999895857485,3758.0,198.4187491140895,3740.0,3550.0,4050.0,173.92170192359546,3637.0,200.28979005431106,3637.0,3399.0,3919.0,175.5617416181555,5615.8,356.50974741232534,5595.0,5155.0,6031.0,312.4945717032537,7593.4,617.4891092157011,7627.0,6847.0,8231.0,541.253068440263
fixed-rate,rate-100_concurrency-64,VSR (Envoy ExtProc),docker-bridge,5,0,100.046,0.015165750888098678,100.04,100.03,100.07,0.013293366766921647,19608.0,266.0263144878717,19660.0,19200.0,19860.0,233.18234581545835,18978.2,404.6766610517587,19023.0,18463.0,19439.0,354.7147330235946,36101.4,1769.9211281862251,35871.0,33887.0,38495.0,1551.404271315507,45285.4,1864.9988739942983,44223.0,43679.0,47519.0,1634.7435900030316
fixed-rate,rate-100_concurrency-64,XSR (SK_SKB/SOCKMAP),host-veth,5,0,100.08,0.0,100.08,100.08,100.08,0.0,1838.0,109.63576058932597,1800.0,1710.0,1980.0,96.0999812695091,1771.0,99.57158229133451,1755.0,1640.0,1890.0,87.27834003921018,3058.6,198.7027931358792,2943.0,2885.0,3319.0,174.17067748619456,3861.8,366.10271782656844,3647.0,3569.0,4283.0,320.90318101259135
fixed-rate,rate-250_concurrency-64,Direct backend,host-veth,5,0,249.564,0.7065620991816755,250.08,248.79,250.08,0.6193289865653085,1262.0,129.88456413292536,1280.0,1110.0,1410.0,113.84884013462762,1221.8,108.56656944013659,1233.0,1098.0,1350.0,95.1627939060219,2244.8,260.58242458001655,2291.0,1971.0,2541.0,228.4105659202306,2763.8,373.77426342646976,2801.0,2357.0,3169.0,327.6275872145079
fixed-rate,rate-250_concurrency-64,Envoy only,docker-bridge,5,0,250.062,0.004472135954995512,250.06,250.06,250.07,0.003919999999996434,3590.0,181.6590212458495,3680.0,3320.0,3760.0,159.2311527308648,3479.8,182.13511468138154,3513.0,3215.0,3653.0,159.64846702677733,5355.8,233.8272866882734,5403.0,4971.0,5607.0,204.95865354748992,7035.8,381.7894707820005,7083.0,6427.0,7471.0,334.65322622679133
fixed-rate,rate-250_concurrency-64,VSR (Envoy ExtProc),docker-bridge,5,0,249.718,0.6315615567781167,249.98,248.59,250.06,0.5535881125891331,12694.0,2005.2755421637196,13390.0,9150.0,14110.0,1757.7015109511624,11095.0,3225.5628966120007,12431.0,5351.0,12903.0,2827.330537790019,28943.0,2947.7584704313886,29439.0,24239.0,32399.0,2583.8242218850723,37567.0,3792.506295314485,38783.0,30943.0,40159.0,3324.27833751628
fixed-rate,rate-250_concurrency-64,XSR (SK_SKB/SOCKMAP),host-veth,5,0,250.076,0.005477225575062247,250.08,250.07,250.08,0.0048009998958643075,1894.0,123.61229712289955,1890.0,1730.0,2050.0,108.35095569490838,1808.6,125.85428081714186,1747.0,1679.0,1988.0,110.31614104925896,3115.8,210.39771861881013,3063.0,2839.0,3371.0,184.42173164787278,3926.6,205.6132291463757,3997.0,3569.0,4085.0,180.22794171825853
fixed-rate,rate-500_concurrency-64,Direct backend,host-veth,5,0,500.534,0.008944271910019622,500.54,500.52,500.54,0.007840000000017937,1294.0,26.076809620810597,1280.0,1280.0,1340.0,22.857331427793575,1235.8,23.742367194532225,1233.0,1213.0,1275.0,20.81110242154413,2410.2,49.89188310737529,2437.0,2341.0,2459.0,43.73216372419732,3179.8,99.44445685909295,3139.0,3103.0,3353.0,87.166909684811
fixed-rate,rate-500_concurrency-64,Envoy only,docker-bridge,5,0,500.48400000000004,0.016733200530666292,500.48,500.47,500.51,0.01466729695614051,3712.0,264.14011433328335,3580.0,3490.0,4100.0,231.5290184836449,3546.2,269.8614459310555,3371.0,3351.0,3959.0,236.54398674242387,5613.4,256.2748524533767,5579.0,5395.0,6015.0,224.63481247571576,8033.4,490.33539541827895,8115.0,7327.0,8543.0,429.79792416436817
fixed-rate,rate-500_concurrency-64,VSR (Envoy ExtProc),docker-bridge,5,0,500.454,0.020736441353337645,500.45,500.43,500.48,0.018176292251180275,4822.0,200.922870773837,4920.0,4490.0,4990.0,176.11666133560445,4043.4,141.24022090042197,4099.0,3811.0,4171.0,123.80251215544858,10357.4,456.5400311035167,10463.0,9695.0,10951.0,400.17498124695396,14335.0,597.9431411095875,14311.0,13519.0,15199.0,524.1202719987083
fixed-rate,rate-500_concurrency-64,XSR (SK_SKB/SOCKMAP),host-veth,5,0,500.506,0.030495901363947513,500.52,500.46,500.53,0.026730836126086753,2070.0,95.13148795220226,2130.0,1920.0,2140.0,83.386425753836,1967.6,88.27683727909604,2025.0,1841.0,2033.0,77.37805952594056,3368.2,106.17532670069822,3423.0,3197.0,3449.0,93.06677723011579,4273.0,142.81456508353762,4303.0,4057.0,4427.0,125.18248567591235
fixed-rate,rate-750_concurrency-64,Direct backend,host-veth,5,0,750.072,0.00836660026537391,750.07,750.06,750.08,0.007333648478105987,1246.0,19.493588689617926,1240.0,1220.0,1270.0,17.08688385867944,1211.8,16.946976131451887,1220.0,1190.0,1230.0,14.85467953205319,2197.8,38.69366873275265,2211.0,2133.0,2233.0,33.916496045434876,2745.4,53.6730845023835,2757.0,2657.0,2793.0,47.04653287969263
fixed-rate,rate-750_concurrency-64,Envoy only,docker-bridge,5,0,750.056,0.013416407865045853,750.05,750.04,750.07,0.011760000000041296,3388.0,607.4701638763834,3150.0,3030.0,4470.0,532.4710756463679,3252.6,640.6627818127099,2985.0,2885.0,4395.0,561.5656880686354,4983.8,657.0686417719232,4727.0,4523.0,6127.0,575.9460583631075,6146.2,929.5908777521432,5699.0,5503.0,7703.0,814.8223304156556
fixed-rate,rate-750_concurrency-64,VSR (Envoy ExtProc),docker-bridge,5,0,749.988,0.017888543819982047,749.98,749.98,750.02,0.015679999999985737,4530.0,169.26310879810757,4410.0,4400.0,4730.0,148.3656564033604,3822.2,137.23410654789865,3781.0,3679.0,3975.0,120.29099810043974,9655.0,231.44761826383092,9647.0,9311.0,9887.0,202.8727822059923,13482.2,506.04663816687884,13471.0,12759.0,14159.0,443.5694356287412
fixed-rate,rate-750_concurrency-64,XSR (SK_SKB/SOCKMAP),host-veth,5,0,750.054,0.01341640786502043,750.06,750.04,750.07,0.011760000000019014,1876.0,68.7749954561976,1890.0,1780.0,1960.0,60.28394147698041,1815.2,69.68285298407349,1823.0,1730.0,1910.0,61.079713686296856,3036.2,105.84516994175974,3083.0,2879.0,3143.0,92.77738207127855,3714.6,146.3516313540782,3773.0,3495.0,3845.0,128.2828609596777
fixed-rate,rate-900_concurrency-64,Direct backend,host-veth,5,0,897.842,2.841376427015632,899.88,894.66,899.94,2.4905762494651897,1148.0,69.06518659932803,1130.0,1060.0,1240.0,60.538305229003555,1121.6,61.88941751220478,1112.0,1040.0,1202.0,54.24846630090107,2028.2,122.44468138714723,2002.0,1881.0,2179.0,107.32749537746605,2469.4,196.56245826708619,2453.0,2257.0,2699.0,172.2945912557907
fixed-rate,rate-900_concurrency-64,Envoy only,docker-bridge,5,0,899.9,0.01870828693385269,899.89,899.88,899.92,0.016398536520052964,2914.0,321.6830738475371,2920.0,2480.0,3360.0,281.96764637099767,2779.8,325.73179150951785,2767.0,2337.0,3239.0,285.5165038732437,4400.6,387.87214388249123,4395.0,3871.0,4915.0,339.98492427753314,5326.2,367.59107714959566,5323.0,4883.0,5835.0,322.20778548011526
fixed-rate,rate-900_concurrency-64,VSR (Envoy ExtProc),docker-bridge,5,0,899.748,0.19524343778986852,899.83,899.4,899.85,0.17113841883108774,6308.0,214.75567512873786,6310.0,6030.0,6630.0,188.24164895155374,4613.4,136.75086837018623,4587.0,4439.0,4763.0,119.86742116188202,15591.0,530.1169682249381,15599.0,14927.0,16255.0,464.66801017500654,23039.0,6291.144252041913,21599.0,18431.0,33855.0,5514.4310718985325
fixed-rate,rate-900_concurrency-64,XSR (SK_SKB/SOCKMAP),host-veth,5,0,899.892,0.03193743884535629,899.89,899.85,899.94,0.027994399439899953,1880.0,118.95377253370319,1840.0,1800.0,2090.0,104.26757885363982,1803.6,123.15965248408263,1754.0,1724.0,2022.0,107.95419517554656,3086.2,174.1240936803405,3019.0,2997.0,3397.0,152.62649751599488,3830.6,200.8800637196235,3741.0,3707.0,4183.0,176.07913929821441
