signal,system,trial,requested_rps,completed_requests,nominal_achieved_rps,effective_completion_rps,elapsed_to_last_completion_s,post_window_drain_s,latency_mean_us,latency_p50_us,latency_p95_us,latency_p99_us,latency_max_us,scheduling_mean_us,scheduling_p95_us,scheduling_p99_us,scheduling_max_us,interarrival_mean_us,worker_busy_events,backlog_count,http_errors,connection_errors,timeouts,other_errors,valid_steady_state,invalid_reason
ngram,XSR,1,100,4000,100.0,100.02104479040018,39.991583855,0.0,810.00014375,538.9825,2334.03265,5038.591089999998,8782.282,1037.699111,2012.8888,2116.5872,2824.285,9999.970340585147,0,0,0,0,0,0,True,
ngram,VSR,1,100,4000,100.0,100.01782938080152,39.992869519,0.0,3114.28829525,2266.4595,8419.620249999998,14804.33082999998,20464.22,628.196991,1075.2128500000001,1189.8795599999992,1812.362,9999.923783445862,0,0,0,0,0,0,True,
ngram,LLMR,1,100,4000,100.0,29.45124641665847,135.81768131,95.81768131000001,135768.26983275,99556.0595,341767.6039,433725.2111599998,582381.819,47993071.20811625,89078136.48324999,95196741.57149,95755822.714,33937.688189047265,3996,3996,0,0,0,0,False,dispatch delayed over nominal interval; worker busy/backlog; effective completion rate
ngram,XSR,2,100,4000,100.0,100.02307539100828,39.990771973,0.0,808.53285575,539.3275,2299.3995999999997,4869.620009999977,8385.709,1015.26672325,1995.16105,2105.84531,2553.653,9999.791637409353,0,0,0,0,0,0,True,
ngram,VSR,2,100,4000,100.0,100.01578280807723,39.993687873,0.0,3111.75614525,2271.9905,8425.16525,14503.402079999963,22173.157,624.18509975,1080.99435,1130.5555499999998,2095.294,10000.242526381595,0,0,0,0,0,0,True,
ngram,LLMR,2,100,4000,100.0,29.43493564200075,135.892941933,95.892941933,135828.814312,100405.28,347799.1793999989,412113.6747699998,453261.957,47405986.4879015,89096262.71725,95283857.11283,95896275.333,33951.297653663416,3996,3996,0,0,0,0,False,dispatch delayed over nominal interval; worker busy/backlog; effective completion rate
ngram,XSR,3,100,4000,100.0,100.02155444243868,39.991380081,0.0,811.39964925,539.178,2313.6957499999994,4977.784339999998,8338.188,1027.27149925,1998.41195,2108.29076,2707.684,10000.00827431858,0,0,0,0,0,0,True,
ngram,VSR,3,100,4000,100.0,100.01715273415832,39.993140083,0.0,3131.6000625,2280.3085,8406.826449999999,14538.130219999995,20352.778,638.60500975,1080.1000999999999,1134.83658,1877.698,10000.010948487121,0,0,0,0,0,0,True,
ngram,LLMR,3,100,4000,100.0,29.602751501561656,135.122574663,95.122574663,135073.954594,98990.8,341905.8422,430702.02265,574650.651,47441882.830006,88362993.92875,94525995.39327,95067059.805,33765.15172443111,3996,3996,0,0,0,0,False,dispatch delayed over nominal interval; worker busy/backlog; effective completion rate
ngram,XSR,4,100,4000,100.0,100.02034806709601,39.991862429,0.0,808.03423225,535.5899999999999,2309.9361499999995,4989.9791899999955,8509.138,1027.124969,2008.5921499999997,2106.1897599999998,2710.456,10000.266433858465,0,0,0,0,0,0,True,
ngram,VSR,4,100,4000,100.0,100.01799231415134,39.992804369,0.0,3136.5500665,2289.8785,8465.03545,14361.201569999996,21510.708,629.08112275,1075.1458499999997,1140.7677499999995,1686.903,9999.991018504626,0,0,0,0,0,0,True,
ngram,LLMR,4,100,4000,100.0,29.230365280162296,136.84399636,96.84399636,136795.81054525,100416.33300000001,346173.2645,434830.71007999993,568182.62,47944223.5350845,89898031.05925,96218189.97348998,96784131.273,34194.86836534133,3996,3996,0,0,0,0,False,dispatch delayed over nominal interval; worker busy/backlog; effective completion rate
ngram,XSR,5,100,4000,100.0,100.01838664256478,39.992646695,0.0,804.62728125,536.0315,2284.6701,4941.932429999997,8112.339,1020.664784,2003.0453499999999,2103.15128,2598.178,10000.252648662166,0,0,0,0,0,0,True,
ngram,VSR,5,100,4000,100.0,100.01689360345632,39.9932437,0.0,3127.49889875,2274.078,8375.293249999999,14452.526239999997,22563.94,634.3647045,1084.1737500000002,1130.8750199999997,1828.711,10000.006756939234,0,0,0,0,0,0,True,
ngram,LLMR,5,100,4000,100.0,29.595939945947524,135.153673352,95.153673352,135107.628328,98724.144,342993.85390000005,428247.0949999993,562466.73,47349054.9382265,88396463.92619999,94556880.70757999,95098357.17,33772.8827411853,3996,3996,0,0,0,0,False,dispatch delayed over nominal interval; worker busy/backlog; effective completion rate
bm25,XSR,1,100,4000,100.0,100.01961813795847,39.992154284,0.0,542.174348,493.895,857.7351000000002,1437.2158700000045,4174.182,1106.5218442500002,2050.21025,2169.4996700000015,5049.123,10000.135536634158,0,0,0,0,0,0,True,
bm25,VSR,1,100,4000,100.0,100.0146870417752,39.994126046,0.0,2731.42083225,2563.879,4052.00175,5415.554140000001,8468.068,662.885864,1105.7828000000002,1171.92506,4097.445,10000.064062015505,0,0,0,0,0,0,True,
bm25,LLMR,1,100,4000,100.0,43.7718264480351,91.382981351,51.382981351,91335.50143475,84639.4045,126115.7938,148361.08539999998,378630.599,25871272.6211835,48509106.7108,50918518.86559,51349141.584,22830.41308952238,3996,3996,0,0,0,0,False,dispatch delayed over nominal interval; worker busy/backlog; effective completion rate
bm25,XSR,2,100,4000,100.0,100.02092994721023,39.991629773,0.0,555.835853,505.241,890.07505,1493.7811000000024,7717.81,1075.97662225,2047.6202999999998,2153.537050000001,4051.118,10000.02449987497,0,0,0,0,0,0,True,
bm25,VSR,2,100,4000,100.0,100.01604530660562,39.993582907,0.0,2790.8596855,2615.971,4150.0721,5577.642790000005,11522.698,654.8877265,1112.7715,1167.9028100000003,5406.771,9999.97452488122,0,0,0,0,0,0,True,
bm25,LLMR,2,100,4000,100.0,43.60051299247414,91.74203984,51.742039840000004,91697.4642445,85414.52100000001,126509.27994999994,147855.1841799998,158374.475,25688986.150649,48754804.47054999,51237392.69077,51694775.167,22919.575805451364,3996,3996,0,0,0,0,False,dispatch delayed over nominal interval; worker busy/backlog; effective completion rate
bm25,XSR,3,100,4000,100.0,100.02087750779353,39.99165074,0.0,562.1913364999999,509.8595,892.2205500000001,1510.1182300000025,6155.36,1082.306136,2041.2744,2193.2060100000003,5873.557,10000.209763190798,0,0,0,0,0,0,True,
bm25,VSR,3,100,4000,100.0,100.01680189756337,39.99328037,0.0,2744.39593,2560.3785,4145.5883,5522.939390000002,9572.293,654.8645625,1107.79655,1176.4958500000002,4087.911,9999.941905226306,0,0,0,0,0,0,True,
bm25,LLMR,3,100,4000,100.0,43.641907471678515,91.655022242,51.655022242,91607.86153175,84965.8315,126807.01209999999,148803.03737,381690.272,25803352.5045265,48762563.88545,51179180.4444,51610213.205,22898.422929982495,3996,3996,0,0,0,0,False,dispatch delayed over nominal interval; worker busy/backlog; effective completion rate
bm25,XSR,4,100,4000,100.0,100.01872070399162,39.99251312,0.0,554.99161425,503.47249999999997,876.0465500000001,1522.038310000001,6591.153,1095.05115875,2047.63245,2152.5755000000004,4815.211,10000.371740185046,0,0,0,0,0,0,True,
bm25,VSR,4,100,4000,100.0,100.0166929960961,39.993323916,0.0,2763.0595980000003,2565.6165,4128.365450000002,5523.562180000012,9024.654,669.25150775,1107.4414,1206.0988800000011,3824.437,9999.937459614905,0,0,0,0,0,0,True,
bm25,LLMR,4,100,4000,100.0,43.91393282045986,91.08726418,51.087264180000005,91040.42490625,84466.652,126344.59844999999,148889.13373999984,161913.66,25540382.1208385,48199724.344399996,50597472.289749995,51039263.813,22755.727383845962,3996,3996,0,0,0,0,False,dispatch delayed over nominal interval; worker busy/backlog; effective completion rate
bm25,XSR,5,100,4000,100.0,100.0195289030359,39.992189964,0.0,573.95190025,521.8715,888.1065000000001,1489.1036700000034,6476.929,1088.476064,2067.1594000000005,2221.752230000001,5990.824,10000.322447861965,0,0,0,0,0,0,True,
bm25,VSR,5,100,4000,100.0,100.01659964752565,39.993361243,0.0,2712.8593695,2555.241,3930.265950000001,5472.127910000007,10026.244,661.01877475,1110.4901,1168.9273400000002,2667.675,10000.187118779695,0,0,0,0,0,0,True,
bm25,LLMR,5,100,4000,100.0,43.750320275996934,91.427902122,51.427902122000006,91380.47706675,84814.9375,125318.928,147844.11126,383785.654,25846149.0638035,48572959.479949996,50946864.498409994,51382278.394,22841.260692423104,3996,3996,0,0,0,0,False,dispatch delayed over nominal interval; worker busy/backlog; effective completion rate
intent,XSR,1,100,4000,100.0,100.0217754106528,39.991291732,0.0,386.6995715,382.745,492.3015,550.3772099999999,1891.554,1071.19053925,2011.5966499999997,2120.53824,2707.774,10000.151518129533,0,0,0,0,0,0,True,
intent,VSR*,1,100,4000,100.0,100.01607117741241,39.993572562,0.0,1443.11274625,1422.4425,1673.83995,1917.89889,8010.591,980.98884225,2062.76805,2127.2482800000002,2665.793,10000.203449862465,0,0,0,0,0,0,True,
intent,LLMR,1,100,4000,100.0,48.08201766027189,83.191184452,43.191184452,83146.12522125,82556.4415,85518.8771,88112.18167999997,384919.949,21724720.27675225,41040967.1059,42724233.722519994,43147279.55,20782.11296099025,3996,3996,0,0,0,0,False,dispatch delayed over nominal interval; worker busy/backlog; effective completion rate
intent,XSR,2,100,4000,100.0,100.02283357753241,39.990868654,0.0,389.02796025,388.471,490.49399999999997,560.2672,1825.931,1078.95205875,1998.49225,2105.23977,2767.759,9999.818778694673,0,0,0,0,0,0,True,
intent,VSR*,2,100,4000,100.0,100.02125572960027,39.991499515,0.0,1439.71782325,1417.383,1687.867,1925.58081,5051.204,978.54385275,2058.95715,2121.9272599999995,2732.811,10000.006577394348,0,0,0,0,0,0,True,
intent,LLMR,2,100,4000,100.0,49.1462178265966,81.389782915,41.389782915,81343.29536075,81169.745,83889.1927,86512.76074999999,92539.629,20689361.6516465,39322617.458799995,40945650.59070999,41347974.772,20332.27999299825,3996,3996,0,0,0,0,False,dispatch delayed over nominal interval; worker busy/backlog; effective completion rate
intent,XSR,3,100,4000,100.0,100.02145385169028,39.9914203,0.0,389.3899605,386.808,498.8379999999999,557.38191,1856.148,1078.62448125,2011.9785499999998,2119.0177699999995,2732.614,9999.959093023255,0,0,0,0,0,0,True,
intent,VSR*,3,100,4000,100.0,100.01633659340692,39.99346643,0.0,1425.48969025,1408.286,1653.6291,1860.0510499999991,2682.673,1000.89753175,2070.20605,2127.55234,2704.087,10000.32061140285,0,0,0,0,0,0,True,
intent,LLMR,3,100,4000,100.0,48.8460870686823,81.889875731,41.889875731000004,81843.0164855,81293.90950000001,84875.04490000001,87348.93154,384434.614,20979357.51828075,39737773.2437,41430310.36208,41856821.498,20456.74389147287,3996,3996,0,0,0,0,False,dispatch delayed over nominal interval; worker busy/backlog; effective completion rate
intent,XSR,4,100,4000,100.0,100.02145964417524,39.991417984,0.0,389.6313185,387.554,490.35005,543.9840099999998,1806.165,1080.064845,2030.72405,2122.922969999999,2665.296,10000.125933233308,0,0,0,0,0,0,True,
intent,VSR*,4,100,4000,100.0,100.01743773521594,39.993026122,0.0,1456.97751675,1432.709,1696.7365,1963.3413999999998,10765.737,968.62310425,2079.3334,2132.6333599999994,2686.149,10000.195874968742,0,0,0,0,0,0,True,
intent,LLMR,4,100,4000,100.0,48.87229714296971,81.845958423,41.845958423,81800.67106,81477.3095,84973.87855,88486.5452799999,111220.31,20830467.48388375,39670559.31715,41371467.174729995,41803275.427,20446.09670467617,3996,3996,0,0,0,0,False,dispatch delayed over nominal interval; worker busy/backlog; effective completion rate
intent,XSR,5,100,4000,100.0,100.01911139175505,39.992356904,0.0,389.88112675,387.8945,492.43749999999994,547.6396499999994,1803.951,1068.99524575,2012.8403,2107.43227,2767.804,10000.433188297075,0,0,0,0,0,0,True,
intent,VSR*,5,100,4000,100.0,100.02048910467413,39.991806037,0.0,1460.523872,1441.0485,1700.059,1934.8138799999992,3293.004,955.340568,2066.2444,2120.28305,2689.234,9999.885180545136,0,0,0,0,0,0,True,
intent,LLMR,5,100,4000,100.0,49.0034434333676,81.626916799,41.626916799,81580.4456285,80859.3875,84548.41415,88368.22795999999,383826.597,20695278.8856205,39426127.035,41164692.28711,41584905.823,20391.63247811953,3996,3996,0,0,0,0,False,dispatch delayed over nominal interval; worker busy/backlog; effective completion rate
